"mob_id","asset_id"
"1","6"
"1","126"
"2","126"
"2","7"
"2","130"
"4","7"
"4","126"
"5","122"
"5","7"
"5","6"
"5","123"
"6","122"
"6","13"
"6","6"
"6","124"
"7","14"
"7","6"
"7","13"
"7","131"
"7","127"
"7","124"
"9","6"
"9","122"
"10","7"
"10","122"
"10","130"
"11","7"
"11","122"
"12","6"
"12","6"
"12","126"
"12","127"
"12","123"
"13","126"
"13","6"
"13","7"
"13","123"
"13","127"
"14","132"
"14","126"
"14","13"
"14","6"
"15","126"
"15","6"
"16","7"
"16","128"
"16","122"
"17","6"
"17","126"
"17","127"
"18","6"
"18","7"
"18","123"
"18","130"
"19","13"
"19","6"
"19","126"
"19","122"
"20","6"
"20","14"
"20","13"
"20","132"
"20","131"
"21","13"
"21","6"
"21","7"
"21","126"
"21","132"
"21","131"
"22","34"
"22","13"
"22","132"
"22","130"
"23","123"
"23","127"
"23","7"
"23","13"
"23","124"
"23","9"
"23","6"
"24","178"
"24","127"
"24","10"
"24","14"
"24","134"
"24","13"
"24","9"
"24","91"
"24","21"
"24","22"
"112","6"
"112","13"
"112","130"
"112","128"
"113","132"
"113","131"
"113","14"
"113","13"
"113","9"
"113","127"
"114","6"
"114","9"
"114","130"
"115","9"
"115","6"
"115","127"
"115","122"
"116","172"
"116","1048"
"116","1148"
"116","150"
"116","149"
"116","14"
"116","151"
"116","131"
"116","130"
"116","124"
"116","127"
"116","477"
"117","176"
"117","145"
"117","148"
"117","1048"
"117","1148"
"117","477"
"117","14"
"117","10"
"117","132"
"117","131"
"117","130"
"117","127"
"117","124"
"117","147"
"118","152"
"118","1148"
"118","131"
"118","130"
"118","145"
"118","144"
"118","132"
"119","143"
"119","132"
"119","176"
"119","1148"
"119","142"
"119","123"
"119","122"
"120","15"
"120","132"
"120","177"
"120","477"
"120","156"
"120","22"
"120","11"
"120","155"
"120","1148"
"120","14"
"120","134"
"120","129"
"120","133"
"120","123"
"120","122"
"120","170"
"120","21"
"120","125"
"121","178"
"121","129"
"121","126"
"121","132"
"121","130"
"121","127"
"122","141"
"122","140"
"122","139"
"122","123"
"122","122"
"122","171"
"123","173"
"123","131"
"123","130"
"123","143"
"123","142"
"124","155"
"124","22"
"124","33"
"124","134"
"124","14"
"124","10"
"124","132"
"124","131"
"124","130"
"124","174"
"124","20"
"124","21"
"124","156"
"125","34"
"125","154"
"125","153"
"125","10"
"125","131"
"125","130"
"125","170"
"126","178"
"126","477"
"126","151"
"126","150"
"126","158"
"126","127"
"126","149"
"127","175"
"127","477"
"127","152"
"127","14"
"127","10"
"127","127"
"128","174"
"128","477"
"128","134"
"128","14"
"128","158"
"128","127"
"128","18"
"128","10"
"129","148"
"129","477"
"129","177"
"129","158"
"129","127"
"129","147"
"129","146"
"129","144"
"129","17"
"130","233"
"130","11"
"130","126"
"130","127"
"131","229"
"131","249"
"131","261"
"131","126"
"131","224"
"131","271"
"131","260"
"132","233"
"132","229"
"132","246"
"132","12"
"132","271"
"132","260"
"133","229"
"133","255"
"133","227"
"133","11"
"133","249"
"133","251"
"133","1148"
"133","261"
"133","128"
"133","224"
"133","266"
"133","238"
"133","271"
"133","267"
"133","240"
"134","224"
"134","246"
"134","127"
"135","233"
"135","229"
"135","248"
"135","249"
"135","246"
"135","226"
"135","237"
"135","230"
"135","264"
"135","128"
"135","254"
"135","265"
"135","236"
"136","34"
"136","249"
"136","1148"
"136","230"
"136","127"
"136","271"
"136","260"
"137","257"
"137","228"
"137","246"
"137","270"
"137","1148"
"137","261"
"137","241"
"137","239"
"137","127"
"137","252"
"137","260"
"137","272"
"138","1048"
"138","11"
"138","129"
"138","126"
"138","127"
"139","224"
"139","233"
"139","248"
"139","125"
"139","226"
"139","237"
"139","230"
"139","261"
"139","264"
"139","128"
"139","126"
"139","127"
"139","254"
"139","265"
"139","236"
"140","129"
"140","11"
"140","351"
"140","1048"
"140","22"
"140","347"
"140","516"
"140","134"
"140","513"
"140","126"
"140","127"
"140","355"
"140","21"
"140","133"
"140","343"
"141","129"
"141","335"
"141","1048"
"141","11"
"141","22"
"141","331"
"141","516"
"141","134"
"141","513"
"141","126"
"141","127"
"141","339"
"141","21"
"141","327"
"142","133"
"142","134"
"142","1048"
"142","11"
"142","22"
"142","129"
"142","516"
"142","221"
"142","513"
"142","126"
"142","127"
"142","12"
"142","21"
"143","166"
"143","168"
"143","137"
"143","132"
"143","128"
"143","125"
"143","248"
"143","133"
"143","129"
"143","127"
"143","221"
"143","215"
"143","214"
"143","226"
"143","237"
"143","107"
"143","230"
"143","264"
"143","254"
"143","265"
"143","236"
"144","235"
"144","263"
"144","995"
"144","1048"
"144","250"
"144","15"
"144","126"
"144","127"
"144","234"
"144","262"
"144","225"
"144","247"
"145","129"
"145","11"
"145","126"
"145","169"
"146","232"
"146","274"
"146","995"
"146","1048"
"146","244"
"146","256"
"146","129"
"146","127"
"146","259"
"146","269"
"146","245"
"147","129"
"147","1024"
"147","1024"
"147","22"
"147","166"
"147","297"
"147","298"
"147","299"
"147","296"
"147","15"
"147","319"
"147","126"
"147","128"
"147","301"
"147","134"
"147","21"
"148","128"
"148","21"
"148","321"
"148","14"
"148","15"
"148","1024"
"148","1024"
"148","135"
"148","11"
"149","15"
"149","166"
"149","21"
"149","314"
"149","126"
"149","319"
"149","1024"
"149","1024"
"150","243"
"150","1048"
"150","258"
"150","253"
"150","127"
"150","126"
"150","242"
"150","273"
"150","231"
"150","268"
"151","11"
"151","166"
"151","126"
"151","137"
"151","40"
"151","22"
"151","21"
"151","219"
"151","314"
"152","243"
"152","1048"
"152","258"
"152","253"
"152","221"
"152","129"
"152","127"
"152","126"
"152","242"
"152","273"
"152","11"
"152","231"
"152","268"
"153","411"
"153","132"
"153","1048"
"153","477"
"153","172"
"153","10"
"153","127"
"153","126"
"153","140"
"154","175"
"154","141"
"154","139"
"154","130"
"154","124"
"154","123"
"155","411"
"155","227"
"155","255"
"155","130"
"155","251"
"155","10"
"155","126"
"155","266"
"155","238"
"155","240"
"155","267"
"156","411"
"156","126"
"156","235"
"156","263"
"156","250"
"156","10"
"156","127"
"156","123"
"156","234"
"156","262"
"156","225"
"156","247"
"157","10"
"157","123"
"157","122"
"157","124"
"157","171"
"158","411"
"158","133"
"158","15"
"158","235"
"158","263"
"158","250"
"158","126"
"158","234"
"158","262"
"158","225"
"158","247"
"158","125"
"159","133"
"159","129"
"159","173"
"159","22"
"159","125"
"159","134"
"159","14"
"159","94"
"159","124"
"159","123"
"159","122"
"159","154"
"159","153"
"159","10"
"159","21"
"160","411"
"160","129"
"160","243"
"160","128"
"160","22"
"160","11"
"160","258"
"160","253"
"160","134"
"160","126"
"160","127"
"160","167"
"160","124"
"160","242"
"160","273"
"160","523"
"160","21"
"160","15"
"160","231"
"160","268"
"161","411"
"161","129"
"161","257"
"161","228"
"161","270"
"161","241"
"161","239"
"161","252"
"161","167"
"161","95"
"161","272"
"162","411"
"162","15"
"162","232"
"162","274"
"162","11"
"162","244"
"162","256"
"162","126"
"162","259"
"162","269"
"162","245"
"162","125"
"163","411"
"163","14"
"163","243"
"163","13"
"163","258"
"163","253"
"163","126"
"163","242"
"163","273"
"163","523"
"163","231"
"163","268"
"164","411"
"164","129"
"164","34"
"164","255"
"164","227"
"164","11"
"164","134"
"164","22"
"164","15"
"164","251"
"164","281"
"164","126"
"164","127"
"164","266"
"164","238"
"164","523"
"164","133"
"164","21"
"164","267"
"164","240"
"165","11"
"165","296"
"165","126"
"165","310"
"165","321"
"165","167"
"166","129"
"166","167"
"166","303"
"166","302"
"166","13"
"166","126"
"166","314"
"166","512"
"166","299"
"167","167"
"167","298"
"167","13"
"167","127"
"167","126"
"167","522"
"167","11"
"168","129"
"168","503"
"168","309"
"168","319"
"168","168"
"168","11"
"168","166"
"168","308"
"168","126"
"168","305"
"169","232"
"169","274"
"169","248"
"169","125"
"169","244"
"169","226"
"169","237"
"169","256"
"169","264"
"169","259"
"169","269"
"169","254"
"169","245"
"169","265"
"169","236"
"170","257"
"170","228"
"170","270"
"170","241"
"170","252"
"170","239"
"170","272"
"171","257"
"171","228"
"171","255"
"171","227"
"171","270"
"171","251"
"171","241"
"171","252"
"171","239"
"171","266"
"171","238"
"171","272"
"171","267"
"171","240"
"172","232"
"172","274"
"172","244"
"172","256"
"172","259"
"172","269"
"172","245"
"173","133"
"173","235"
"173","263"
"173","250"
"173","166"
"173","25"
"173","214"
"173","167"
"173","168"
"173","215"
"173","124"
"173","137"
"173","220"
"173","128"
"173","234"
"173","262"
"173","129"
"173","225"
"173","247"
"173","125"
"174","479"
"174","11"
"174","133"
"174","281"
"174","167"
"174","21"
"174","131"
"174","132"
"175","479"
"175","281"
"175","129"
"175","15"
"175","127"
"176","11"
"176","124"
"176","122"
"176","479"
"176","125"
"177","1101"
"177","479"
"178","11"
"178","389"
"178","125"
"178","282"
"178","128"
"178","14"
"178","22"
"178","219"
"178","21"
"178","15"
"178","709"
"178","523"
"178","479"
"178","1101"
"178","133"
"178","129"
"178","216"
"178","167"
"178","137"
"178","134"
"178","707"
"178","708"
"179","479"
"179","129"
"179","281"
"179","127"
"179","126"
"180","156"
"180","132"
"180","1048"
"180","477"
"180","127"
"180","134"
"181","345"
"181","122"
"181","134"
"181","341"
"181","325"
"181","353"
"181","337"
"181","333"
"181","329"
"181","281"
"181","349"
"181","125"
"181","297"
"181","299"
"181","301"
"181","131"
"181","132"
"181","124"
"181","128"
"181","167"
"181","11"
"182","346"
"182","330"
"182","133"
"182","342"
"182","334"
"182","326"
"182","166"
"182","22"
"182","300"
"182","123"
"182","132"
"182","124"
"182","128"
"182","122"
"182","354"
"182","338"
"182","134"
"182","281"
"182","350"
"182","11"
"183","478"
"183","352"
"183","389"
"183","129"
"183","415"
"183","415"
"183","1048"
"183","11"
"183","348"
"183","344"
"183","126"
"183","167"
"183","15"
"183","14"
"183","13"
"183","122"
"183","340"
"183","134"
"184","336"
"184","389"
"184","129"
"184","415"
"184","415"
"184","1048"
"184","11"
"184","134"
"184","332"
"184","433"
"184","328"
"184","126"
"184","167"
"184","15"
"184","14"
"184","13"
"184","122"
"184","440"
"184","324"
"184","478"
"185","129"
"185","415"
"185","434"
"185","415"
"185","1048"
"185","127"
"185","126"
"185","15"
"185","478"
"185","439"
"186","438"
"186","415"
"186","415"
"186","1048"
"186","126"
"186","167"
"186","15"
"186","13"
"186","14"
"186","478"
"187","437"
"187","415"
"187","415"
"187","435"
"187","1048"
"187","107"
"187","478"
"187","221"
"187","169"
"187","21"
"187","166"
"187","298"
"187","296"
"187","297"
"187","299"
"187","14"
"187","15"
"187","126"
"187","123"
"187","131"
"187","127"
"188","436"
"188","129"
"188","415"
"188","415"
"188","127"
"188","126"
"188","167"
"188","1048"
"188","478"
"189","134"
"189","1048"
"189","369"
"189","14"
"189","167"
"189","168"
"189","169"
"189","371"
"189","10"
"189","296"
"189","297"
"189","298"
"189","299"
"189","21"
"190","369"
"190","1048"
"190","14"
"190","167"
"190","168"
"190","169"
"190","371"
"190","10"
"190","296"
"190","297"
"190","298"
"190","299"
"190","21"
"190","134"
"191","1048"
"191","14"
"191","167"
"191","168"
"191","169"
"191","371"
"191","10"
"191","296"
"191","297"
"191","298"
"191","299"
"191","21"
"191","134"
"191","369"
"192","11"
"192","369"
"192","1048"
"192","15"
"192","167"
"192","168"
"192","169"
"192","371"
"192","296"
"192","297"
"192","298"
"192","299"
"192","21"
"192","1163"
"192","134"
"193","11"
"193","134"
"193","1048"
"193","369"
"193","1163"
"193","15"
"193","167"
"193","168"
"193","169"
"193","371"
"193","296"
"193","297"
"193","298"
"193","299"
"193","21"
"194","11"
"194","168"
"194","169"
"194","371"
"194","296"
"194","369"
"194","297"
"194","298"
"194","299"
"194","1048"
"194","21"
"194","134"
"194","1163"
"194","15"
"194","167"
"195","389"
"195","129"
"195","523"
"195","169"
"195","126"
"195","134"
"195","319"
"195","13"
"195","14"
"195","15"
"195","297"
"195","315"
"195","127"
"195","371"
"195","167"
"195","168"
"195","479"
"195","11"
"195","707"
"195","708"
"229","410"
"229","140"
"229","1048"
"229","10"
"229","132"
"229","172"
"229","430"
"229","430"
"229","126"
"229","127"
"230","171"
"230","122"
"230","123"
"230","10"
"230","124"
"230","410"
"230","1048"
"230","430"
"230","430"
"231","175"
"231","173"
"231","154"
"231","141"
"231","139"
"231","122"
"231","123"
"231","124"
"231","134"
"231","10"
"231","21"
"231","22"
"231","14"
"231","94"
"231","130"
"231","410"
"231","133"
"231","129"
"231","125"
"231","1048"
"231","430"
"231","430"
"232","363"
"232","167"
"232","201"
"232","205"
"232","203"
"232","199"
"232","166"
"232","137"
"232","128"
"232","124"
"232","168"
"232","133"
"232","129"
"232","221"
"232","125"
"233","436"
"233","478"
"233","281"
"233","130"
"233","133"
"233","129"
"233","132"
"233","131"
"233","418"
"233","352"
"233","348"
"233","344"
"233","340"
"233","336"
"233","332"
"233","324"
"233","328"
"233","418"
"233","125"
"233","300"
"233","433"
"233","1148"
"234","438"
"234","478"
"234","281"
"234","129"
"234","133"
"234","346"
"234","342"
"234","350"
"234","354"
"234","326"
"234","330"
"234","334"
"234","338"
"234","125"
"234","300"
"234","11"
"234","434"
"234","1148"
"234","439"
"235","437"
"235","435"
"235","419"
"235","15"
"235","341"
"235","345"
"235","349"
"235","353"
"235","325"
"235","329"
"235","337"
"235","333"
"235","343"
"235","347"
"235","355"
"235","351"
"235","327"
"235","331"
"235","335"
"235","339"
"235","167"
"235","166"
"235","478"
"235","125"
"235","1148"
"235","440"
"236","419"
"236","418"
"236","418"
"236","125"
"237","176"
"237","171"
"237","417"
"237","122"
"237","123"
"237","124"
"237","10"
"238","130"
"238","131"
"238","417"
"238","14"
"238","14"
"238","15"
"238","367"
"238","356"
"238","167"
"238","166"
"238","134"
"238","122"
"238","126"
"238","281"
"239","177"
"239","417"
"239","417"
"239","167"
"239","14"
"239","166"
"239","209"
"239","156"
"239","141"
"239","140"
"239","139"
"240","171"
"240","417"
"240","166"
"240","417"
"240","173"
"240","156"
"240","155"
"241","708"
"241","707"
"241","125"
"241","523"
"241","300"
"241","133"
"241","167"
"241","1163"
"242","707"
"242","708"
"242","125"
"242","523"
"242","468"
"242","464"
"242","460"
"242","456"
"242","452"
"242","478"
"242","1163"
"242","419"
"242","127"
"242","124"
"242","300"
"242","32"
"242","166"
"243","466"
"243","462"
"243","458"
"243","454"
"243","450"
"243","107"
"243","707"
"243","123"
"243","125"
"243","523"
"243","478"
"243","1163"
"243","359"
"243","131"
"243","166"
"243","374"
"243","708"
"244","301"
"244","360"
"244","315"
"244","419"
"244","166"
"244","128"
"244","478"
"244","467"
"244","463"
"244","459"
"244","455"
"244","451"
"244","707"
"244","125"
"244","523"
"244","708"
"246","281"
"246","316"
"246","320"
"246","449"
"246","374"
"246","375"
"246","361"
"246","282"
"246","419"
"246","478"
"246","469"
"246","465"
"246","461"
"246","457"
"246","453"
"246","126"
"246","125"
"246","129"
"246","707"
"246","1163"
"246","130"
"246","529"
"246","523"
"246","708"
"247","329"
"247","325"
"247","345"
"247","341"
"247","333"
"247","337"
"247","349"
"247","353"
"247","15"
"247","95"
"247","92"
"247","132"
"247","305"
"247","281"
"247","124"
"247","300"
"247","125"
"247","523"
"248","125"
"248","367"
"248","126"
"248","320"
"248","523"
"248","123"
"248","15"
"248","124"
"248","122"
"248","129"
"249","125"
"249","133"
"249","324"
"249","328"
"249","340"
"249","344"
"249","332"
"249","336"
"249","352"
"249","348"
"249","306"
"249","440"
"249","438"
"249","434"
"249","436"
"249","15"
"250","527"
"250","125"
"250","367"
"250","133"
"250","132"
"250","131"
"250","304"
"250","487"
"250","355"
"250","351"
"250","347"
"250","343"
"250","339"
"250","335"
"250","331"
"250","327"
"250","15"
"250","523"
"251","125"
"251","304"
"251","130"
"251","319"
"251","129"
"251","132"
"251","527"
"251","346"
"251","342"
"251","330"
"251","326"
"251","354"
"251","350"
"251","338"
"251","334"
"251","367"
"251","15"
"251","523"
"252","125"
"252","527"
"252","709"
"252","133"
"252","439"
"252","433"
"252","437"
"252","435"
"252","306"
"252","15"
"252","413"
"252","414"
"252","305"
"252","487"
"254","1163"
"254","1177"
"254","1391"
"254","1392"
"254","1393"
"254","1394"
"254","1197"
"254","1128"
"254","506"
"254","137"
"254","370"
"254","363"
"254","375"
"254","167"
"254","168"
"254","169"
"254","29"
"254","377"
"254","378"
"254","11"
"254","1130"
"254","1099"
"254","30"
"254","523"
"254","12"
"254","1051"
"254","1050"
"254","974"
"255","1163"
"255","1177"
"255","1197"
"255","1392"
"255","1393"
"255","1394"
"255","1128"
"255","506"
"255","137"
"255","370"
"255","363"
"255","375"
"255","167"
"255","168"
"255","169"
"255","29"
"255","377"
"255","378"
"255","11"
"255","30"
"255","523"
"255","12"
"255","1051"
"255","1050"
"255","974"
"255","1099"
"255","1130"
"257","123"
"257","525"
"257","1037"
"257","371"
"257","1029"
"257","1048"
"257","128"
"257","16"
"257","830"
"258","123"
"258","525"
"258","1037"
"258","1048"
"258","319"
"258","128"
"258","1030"
"258","16"
"258","831"
"258","1304"
"259","707"
"259","306"
"259","531"
"259","133"
"259","825"
"259","832"
"259","123"
"259","826"
"259","12"
"259","1037"
"259","708"
"259","827"
"259","1048"
"259","525"
"259","128"
"259","828"
"259","16"
"259","1029"
"259","1030"
"259","1164"
"259","1088"
"259","829"
"259","820"
"259","533"
"259","523"
"259","1286"
"260","131"
"260","523"
"260","833"
"260","525"
"260","130"
"260","122"
"260","1038"
"260","1048"
"260","16"
"260","1029"
"261","523"
"261","131"
"261","833"
"261","122"
"261","525"
"261","130"
"261","1038"
"261","1048"
"261","16"
"261","1030"
"262","905"
"262","834"
"262","525"
"262","16"
"262","1148"
"262","127"
"262","1031"
"262","820"
"262","1036"
"262","126"
"263","523"
"263","906"
"263","127"
"263","834"
"263","525"
"263","1144"
"263","1148"
"263","16"
"263","1032"
"263","1036"
"263","820"
"263","126"
"264","825"
"264","1036"
"264","826"
"264","834"
"264","12"
"264","835"
"264","127"
"264","827"
"264","167"
"264","531"
"264","709"
"264","828"
"264","525"
"264","300"
"264","536"
"264","1088"
"264","1148"
"264","1148"
"264","707"
"264","708"
"264","533"
"264","829"
"264","16"
"264","523"
"264","1031"
"264","133"
"264","126"
"264","1032"
"264","820"
"264","1286"
"265","1173"
"265","1033"
"265","127"
"265","539"
"265","836"
"265","531"
"265","1035"
"265","16"
"265","129"
"265","539"
"266","1173"
"266","523"
"266","127"
"266","539"
"266","1034"
"266","836"
"266","531"
"266","1035"
"266","16"
"266","129"
"266","539"
"267","1173"
"267","825"
"267","820"
"267","12"
"267","127"
"267","826"
"267","539"
"267","1034"
"267","836"
"267","827"
"267","1033"
"267","837"
"267","828"
"267","531"
"267","1088"
"267","533"
"267","523"
"267","829"
"267","16"
"267","1035"
"267","133"
"267","129"
"267","1286"
"267","539"
"268","838"
"268","16"
"268","531"
"268","132"
"268","1301"
"268","1305"
"269","523"
"269","838"
"269","1145"
"269","1050"
"269","132"
"269","16"
"269","531"
"269","1301"
"269","1305"
"270","533"
"270","825"
"270","12"
"270","826"
"270","827"
"270","878"
"270","838"
"270","878"
"270","828"
"270","839"
"270","687"
"270","668"
"270","585"
"270","300"
"270","1088"
"270","132"
"270","523"
"270","650"
"270","1050"
"270","708"
"270","707"
"270","829"
"270","16"
"270","133"
"270","531"
"270","637"
"270","595"
"270","1286"
"270","1301"
"270","1305"
"271","124"
"271","122"
"271","123"
"271","16"
"272","12"
"272","820"
"272","531"
"272","1048"
"272","523"
"272","533"
"272","16"
"272","545"
"272","133"
"272","1286"
"274","16"
"274","540"
"274","125"
"274","525"
"274","281"
"274","872"
"274","124"
"274","540"
"274","1308"
"275","523"
"275","16"
"275","540"
"275","125"
"275","1088"
"275","281"
"275","872"
"275","525"
"275","124"
"275","540"
"275","1308"
"276","523"
"276","544"
"276","707"
"276","533"
"276","167"
"276","525"
"276","12"
"276","878"
"276","300"
"276","825"
"276","878"
"276","826"
"276","125"
"276","1011"
"276","1088"
"276","604"
"276","827"
"276","16"
"276","828"
"276","829"
"276","281"
"276","659"
"276","678"
"276","623"
"276","696"
"276","133"
"276","820"
"276","874"
"276","636"
"276","124"
"276","1286"
"276","1308"
"277","541"
"277","531"
"277","1048"
"277","523"
"277","16"
"277","1039"
"277","541"
"277","1088"
"277","1146"
"277","131"
"277","281"
"277","873"
"277","1306"
"277","1307"
"278","523"
"278","131"
"278","541"
"278","1048"
"278","531"
"278","16"
"278","541"
"278","1039"
"278","1050"
"278","281"
"278","873"
"278","1306"
"278","1307"
"279","875"
"279","523"
"279","131"
"279","708"
"279","878"
"279","1048"
"279","531"
"279","533"
"279","12"
"279","878"
"279","826"
"279","1088"
"279","825"
"279","827"
"279","828"
"279","829"
"279","16"
"279","1039"
"279","1040"
"279","1050"
"279","281"
"279","133"
"279","1286"
"279","1306"
"279","1307"
"280","876"
"281","876"
"282","877"
"282","12"
"282","825"
"282","826"
"282","544"
"282","827"
"282","828"
"282","300"
"282","829"
"283","16"
"283","12"
"283","523"
"283","531"
"283","533"
"283","820"
"283","545"
"283","133"
"283","1286"
"284","12"
"284","820"
"284","523"
"284","533"
"284","531"
"284","545"
"284","133"
"284","16"
"284","1286"
"285","523"
"285","130"
"285","125"
"285","554"
"285","999"
"285","16"
"285","1088"
"285","126"
"285","531"
"285","127"
"285","1310"
"286","1416"
"286","523"
"286","130"
"286","125"
"286","1000"
"286","16"
"286","12"
"286","126"
"286","531"
"286","127"
"286","1309"
"287","523"
"287","531"
"287","127"
"287","12"
"287","708"
"287","829"
"287","108"
"287","554"
"287","825"
"287","1086"
"287","1084"
"287","1082"
"287","1080"
"287","1078"
"287","1076"
"287","1074"
"287","1070"
"287","1068"
"287","125"
"287","1088"
"287","133"
"287","533"
"287","16"
"287","1002"
"287","826"
"287","827"
"287","126"
"287","707"
"287","820"
"287","1072"
"287","645"
"287","688"
"287","679"
"287","624"
"287","606"
"287","651"
"287","1286"
"288","523"
"288","122"
"288","123"
"288","129"
"288","1148"
"288","16"
"288","1004"
"288","128"
"288","525"
"288","1314"
"289","523"
"289","130"
"289","125"
"289","16"
"289","1050"
"289","1001"
"289","126"
"289","531"
"289","127"
"290","523"
"290","122"
"290","123"
"290","129"
"290","1148"
"290","16"
"290","128"
"290","525"
"290","1005"
"290","1313"
"290","1314"
"291","1006"
"291","122"
"291","123"
"291","129"
"291","1148"
"291","128"
"291","525"
"291","1312"
"291","1314"
"292","1007"
"292","523"
"292","133"
"292","12"
"292","108"
"292","829"
"292","533"
"292","707"
"292","825"
"292","1085"
"292","1083"
"292","1081"
"292","1077"
"292","1075"
"292","1073"
"292","1069"
"292","123"
"292","828"
"292","129"
"292","122"
"292","1088"
"292","1012"
"292","1148"
"292","1079"
"292","614"
"292","826"
"292","16"
"292","708"
"292","827"
"292","669"
"292","697"
"292","646"
"292","596"
"292","128"
"292","525"
"292","1071"
"292","1067"
"292","660"
"292","1286"
"292","1314"
"295","133"
"295","12"
"295","1008"
"295","523"
"295","167"
"295","829"
"295","825"
"295","129"
"295","1088"
"295","1050"
"295","533"
"295","826"
"295","708"
"295","827"
"295","525"
"295","16"
"295","707"
"295","1286"
"295","1314"
"296","1400"
"296","1028"
"296","16"
"296","523"
"296","1050"
"296","525"
"296","132"
"296","128"
"296","131"
"296","123"
"296","122"
"296","126"
"296","1316"
"297","1401"
"297","1027"
"297","16"
"297","523"
"297","1050"
"297","525"
"297","132"
"297","124"
"297","123"
"297","127"
"297","122"
"297","130"
"297","1315"
"298","1413"
"298","690"
"298","699"
"298","662"
"298","653"
"298","633"
"298","643"
"298","12"
"298","16"
"298","523"
"298","1088"
"298","1048"
"298","525"
"298","1286"
"299","16"
"299","523"
"299","1050"
"299","525"
"299","132"
"299","124"
"299","131"
"299","127"
"299","122"
"299","130"
"300","16"
"300","523"
"300","1050"
"300","525"
"300","124"
"300","128"
"300","131"
"300","123"
"300","122"
"300","126"
"301","555"
"301","598"
"301","608"
"301","671"
"301","681"
"301","1014"
"301","616"
"301","626"
"301","12"
"301","16"
"301","1163"
"301","1088"
"301","1048"
"301","708"
"301","1050"
"301","531"
"301","1286"
"306","825"
"306","826"
"306","827"
"306","828"
"306","829"
"307","825"
"307","826"
"307","827"
"307","828"
"307","829"
"308","1424"
"308","1425"
"308","1426"
"308","1396"
"308","1369"
"308","1361"
"308","137"
"308","370"
"308","363"
"308","375"
"308","167"
"308","168"
"308","29"
"308","377"
"308","378"
"308","169"
"308","523"
"308","707"
"308","708"
"308","819"
"308","30"
"308","10"
"308","12"
"308","1051"
"308","1050"
"308","1048"
"308","974"
"308","994"
"308","993"
"308","11"
"308","1099"
"308","1104"
"308","1105"
"308","863"
"308","864"
"308","865"
"308","848"
"308","849"
"308","850"
"308","1133"
"308","1163"
"308","1206"
"308","1207"
"308","1208"
"308","1209"
"308","1210"
"308","1211"
"309","1426"
"309","1425"
"309","1424"
"309","1396"
"309","1369"
"309","1361"
"309","137"
"309","370"
"309","363"
"309","375"
"309","167"
"309","168"
"309","29"
"309","30"
"309","377"
"309","378"
"309","169"
"309","523"
"309","707"
"309","708"
"309","819"
"309","10"
"309","11"
"309","12"
"309","1051"
"309","1050"
"309","1048"
"309","974"
"309","994"
"309","993"
"309","1102"
"309","1103"
"309","1099"
"309","863"
"309","864"
"309","865"
"309","848"
"309","850"
"309","849"
"309","1133"
"309","1133"
"309","1163"
"309","1211"
"309","1206"
"309","1207"
"309","1208"
"309","1209"
"309","1210"
"310","976"
"310","976"
"310","976"
"310","967"
"310","968"
"310","976"
"310","969"
"313","1280"
"313","1280"
"314","1280"
"314","1280"
"328","31"
"328","1050"
"328","1048"
"328","974"
"328","1051"
"328","362"
"328","363"
"328","221"
"328","10"
"329","29"
"329","1050"
"329","1048"
"329","974"
"329","1051"
"329","362"
"329","363"
"329","221"
"329","11"
"330","1050"
"330","1048"
"330","29"
"330","974"
"330","1051"
"330","362"
"330","363"
"330","221"
"330","11"
"331","30"
"331","1050"
"331","1048"
"331","974"
"331","531"
"331","1051"
"331","525"
"331","362"
"331","363"
"331","221"
"332","108"
"332","12"
"332","30"
"332","371"
"332","375"
"332","374"
"332","531"
"332","525"
"334","1113"
"334","1113"
"334","523"
"334","16"
"334","127"
"334","122"
"334","1181"
"334","525"
"334","130"
"334","132"
"334","124"
"334","1050"
"334","131"
"334","1113"
"334","1311"
"335","131"
"335","16"
"335","1113"
"335","1113"
"335","123"
"335","523"
"335","122"
"335","1184"
"335","525"
"335","126"
"335","1050"
"335","124"
"335","128"
"335","1113"
"336","523"
"336","1113"
"336","1113"
"336","123"
"336","16"
"336","1182"
"336","122"
"336","525"
"336","126"
"336","132"
"336","1050"
"336","128"
"336","131"
"336","1113"
"337","123"
"337","16"
"337","523"
"337","127"
"337","1111"
"337","122"
"337","130"
"337","1185"
"337","525"
"337","1050"
"337","132"
"337","124"
"337","1111"
"338","523"
"338","1048"
"338","597"
"338","1180"
"338","531"
"338","607"
"338","125"
"338","615"
"338","625"
"338","133"
"338","525"
"338","632"
"338","644"
"338","1112"
"338","652"
"338","661"
"338","670"
"338","680"
"338","1050"
"338","689"
"338","698"
"338","1013"
"338","1088"
"338","974"
"338","12"
"338","129"
"338","707"
"338","16"
"338","708"
"338","1286"
"341","370"
"341","974"
"341","168"
"341","360"
"341","359"
"341","216"
"341","215"
"341","214"
"341","374"
"342","1163"
"342","523"
"342","1175"
"342","1140"
"342","1141"
"342","1142"
"342","1143"
"342","708"
"342","1048"
"342","371"
"342","1176"
"343","1163"
"343","523"
"343","1175"
"343","1140"
"343","1141"
"343","1142"
"343","1143"
"343","708"
"343","1048"
"343","371"
"343","1176"
"344","1163"
"344","523"
"344","1175"
"344","1140"
"344","1141"
"344","1142"
"344","1143"
"344","708"
"344","1048"
"344","371"
"344","1176"
"387","576"
"387","531"
"387","525"
"387","523"
"387","1163"
"387","126"
"387","130"
"387","123"
"387","127"
"387","132"
"387","128"
"387","125"
"387","129"
"388","531"
"388","525"
"388","523"
"388","1163"
"388","122"
"388","130"
"388","127"
"388","131"
"388","132"
"388","124"
"388","125"
"388","577"
"388","133"
"389","531"
"389","525"
"389","523"
"389","1163"
"389","122"
"389","130"
"389","127"
"389","131"
"389","128"
"389","124"
"389","129"
"389","535"
"389","576"
"389","133"
"390","531"
"390","525"
"390","523"
"390","1163"
"390","122"
"390","126"
"390","123"
"390","131"
"390","128"
"390","124"
"390","535"
"390","576"
"390","129"
"390","133"
"391","574"
"391","573"
"391","531"
"391","525"
"391","523"
"391","1163"
"391","122"
"391","130"
"391","123"
"391","132"
"391","124"
"391","129"
"392","531"
"392","525"
"392","523"
"392","1163"
"392","122"
"392","126"
"392","131"
"392","123"
"392","132"
"392","128"
"392","129"
"392","133"
"392","577"
"393","531"
"393","525"
"393","523"
"393","1163"
"393","130"
"393","122"
"393","127"
"393","131"
"393","133"
"393","125"
"393","132"
"393","535"
"393","576"
"393","124"
"394","531"
"394","525"
"394","523"
"394","1163"
"394","130"
"394","126"
"394","127"
"394","123"
"394","128"
"394","124"
"394","129"
"394","577"
"394","125"
"395","531"
"395","525"
"395","523"
"395","1163"
"395","122"
"395","130"
"395","131"
"395","128"
"395","129"
"395","133"
"395","575"
"395","576"
"396","574"
"396","573"
"396","535"
"396","577"
"396","531"
"396","525"
"396","523"
"396","1163"
"397","575"
"397","573"
"397","576"
"397","577"
"397","531"
"397","525"
"397","523"
"397","1163"
"398","574"
"398","575"
"398","535"
"398","576"
"398","531"
"398","525"
"398","523"
"398","1163"
"399","1335"
"399","531"
"399","575"
"399","535"
"399","577"
"399","576"
"399","573"
"399","574"
"399","525"
"399","523"
"399","1163"
"399","580"
"399","581"
"399","361"
"399","1051"
"399","1048"
"400","1335"
"400","535"
"400","577"
"400","575"
"400","576"
"400","573"
"400","574"
"400","531"
"400","525"
"400","523"
"400","1163"
"400","580"
"400","581"
"400","361"
"400","1051"
"400","1048"
"401","1335"
"401","535"
"401","577"
"401","575"
"401","576"
"401","573"
"401","574"
"401","531"
"401","525"
"401","523"
"401","1163"
"401","580"
"401","581"
"401","361"
"401","1051"
"401","1048"
"402","531"
"402","577"
"402","525"
"402","523"
"402","1163"
"403","531"
"403","576"
"403","523"
"403","1163"
"403","525"
"404","531"
"404","535"
"404","525"
"404","523"
"404","1163"
"405","531"
"405","126"
"405","525"
"405","523"
"405","1163"
"405","127"
"405","124"
"405","577"
"406","525"
"406","523"
"406","1163"
"406","122"
"406","130"
"406","127"
"406","131"
"406","128"
"406","129"
"406","576"
"406","531"
"407","531"
"407","126"
"407","525"
"407","523"
"407","1163"
"407","131"
"407","132"
"407","128"
"407","124"
"407","133"
"407","577"
"407","123"
"407","125"
"408","531"
"408","525"
"408","523"
"408","1163"
"408","125"
"408","574"
"408","573"
"408","577"
"408","126"
"408","127"
"408","123"
"408","132"
"408","128"
"408","124"
"409","525"
"409","523"
"409","1163"
"409","126"
"409","127"
"409","128"
"409","125"
"409","133"
"409","575"
"409","531"
"410","531"
"410","525"
"410","523"
"410","1163"
"410","126"
"410","130"
"410","127"
"410","132"
"410","128"
"410","129"
"410","125"
"410","123"
"410","1291"
"411","531"
"411","525"
"411","523"
"411","1163"
"411","1292"
"411","122"
"411","130"
"411","127"
"411","131"
"411","132"
"411","124"
"411","133"
"411","125"
"412","531"
"412","525"
"412","523"
"412","1163"
"412","1292"
"412","122"
"412","126"
"412","123"
"412","131"
"412","128"
"412","124"
"412","129"
"412","133"
"413","531"
"413","525"
"413","523"
"413","1163"
"413","1293"
"413","122"
"413","126"
"413","123"
"413","131"
"413","132"
"413","128"
"413","129"
"413","133"
"414","531"
"414","525"
"414","523"
"414","1163"
"414","1293"
"414","122"
"414","130"
"414","127"
"414","131"
"414","132"
"414","124"
"414","125"
"414","133"
"415","531"
"415","525"
"415","523"
"415","1163"
"415","126"
"415","130"
"415","127"
"415","123"
"415","128"
"415","124"
"415","125"
"415","129"
"415","1291"
"416","531"
"416","525"
"416","523"
"416","1163"
"416","1292"
"416","122"
"416","130"
"416","127"
"416","131"
"416","128"
"416","124"
"416","129"
"416","133"
"417","531"
"417","525"
"417","523"
"417","1163"
"417","1292"
"417","126"
"417","123"
"417","131"
"417","132"
"417","128"
"417","124"
"417","125"
"417","133"
"418","531"
"418","525"
"418","523"
"418","1163"
"418","1293"
"418","122"
"418","130"
"418","127"
"418","131"
"418","132"
"418","128"
"418","125"
"418","129"
"419","531"
"419","525"
"419","523"
"419","1163"
"419","1293"
"419","126"
"419","127"
"419","123"
"419","132"
"419","124"
"419","129"
"419","133"
"420","531"
"420","525"
"420","523"
"420","1163"
"420","1290"
"420","1291"
"420","1293"
"420","122"
"420","130"
"420","127"
"420","123"
"420","131"
"420","128"
"420","124"
"420","125"
"420","133"
"421","531"
"421","525"
"421","523"
"421","1163"
"421","1290"
"421","1292"
"421","126"
"421","127"
"421","123"
"421","131"
"421","132"
"421","128"
"421","124"
"421","125"
"421","129"
"422","531"
"422","525"
"422","523"
"422","1163"
"422","1288"
"422","1292"
"422","126"
"422","127"
"422","131"
"422","128"
"422","125"
"422","133"
"423","531"
"423","525"
"423","523"
"423","1163"
"423","1288"
"423","1293"
"423","122"
"423","130"
"423","123"
"423","132"
"423","124"
"423","129"
"423","133"
"424","531"
"424","525"
"424","523"
"424","1163"
"424","1289"
"424","1293"
"424","122"
"424","130"
"424","123"
"424","132"
"424","124"
"424","129"
"425","531"
"425","525"
"425","523"
"425","1163"
"425","1290"
"425","1291"
"425","1293"
"425","122"
"425","130"
"425","127"
"425","123"
"425","131"
"425","128"
"425","124"
"425","125"
"425","133"
"426","531"
"426","525"
"426","523"
"426","1163"
"426","1290"
"426","1292"
"426","126"
"426","127"
"426","123"
"426","131"
"426","132"
"426","128"
"426","124"
"426","125"
"426","129"
"427","531"
"427","525"
"427","523"
"427","1163"
"427","1288"
"427","1292"
"427","126"
"427","127"
"427","131"
"427","128"
"427","125"
"427","133"
"428","531"
"428","525"
"428","523"
"428","1163"
"428","1288"
"428","1293"
"428","122"
"428","130"
"428","123"
"428","132"
"428","124"
"428","129"
"429","531"
"429","525"
"429","523"
"429","1163"
"429","1289"
"429","1293"
"429","122"
"429","130"
"429","123"
"429","132"
"429","124"
"429","129"
"430","1328"
"430","819"
"430","531"
"430","525"
"430","523"
"430","1163"
"430","1290"
"430","1292"
"430","1293"
"431","1328"
"431","819"
"431","531"
"431","525"
"431","523"
"431","1163"
"431","1288"
"431","1291"
"431","1292"
"432","1328"
"432","819"
"432","531"
"432","525"
"432","523"
"432","1163"
"432","1289"
"432","1291"
"433","1336"
"433","1288"
"433","1289"
"433","1290"
"433","1291"
"433","1292"
"433","1293"
"433","531"
"433","525"
"433","523"
"433","1163"
"433","580"
"433","581"
"433","361"
"433","1051"
"433","1048"
"433","1328"
"433","819"
"434","1328"
"434","819"
"434","1336"
"434","1288"
"434","1289"
"434","1290"
"434","1291"
"434","1292"
"434","1293"
"434","531"
"434","525"
"434","523"
"434","1163"
"434","580"
"434","581"
"434","361"
"434","1051"
"434","1048"
"435","531"
"435","525"
"435","523"
"435","1163"
"435","1293"
"436","1328"
"436","819"
"436","1336"
"436","1288"
"436","1289"
"436","1290"
"436","1291"
"436","1292"
"436","1293"
"436","531"
"436","525"
"436","523"
"436","1163"
"436","580"
"436","581"
"436","361"
"436","1051"
"436","1048"
"437","523"
"437","525"
"437","531"
"437","1163"
"437","1293"
"437","1292"
"438","531"
"438","525"
"438","523"
"438","1163"
"438","1291"
"441","1163"
"441","1177"
"441","1392"
"441","1393"
"441","1394"
"441","1197"
"441","1128"
"441","506"
"441","137"
"441","11"
"441","370"
"441","363"
"441","375"
"441","167"
"441","168"
"441","169"
"441","29"
"441","377"
"441","378"
"441","30"
"441","523"
"441","12"
"441","1051"
"441","1050"
"441","974"
"441","1130"
"441","1099"
"444","1408"
